{
  "integrations": [
    {
      "id": "20d1363c-2646-4390-abeb-1afc64cef199",
      "name": "24x7 inbound",
      "action": "CREATE_EVENT",
      "type": "INBOUND_WEBHOOK",
      "deployed": true,
      "form": "1d19c640-197a-43ed-a6e4-8fa8295e47b5",
      "script": "\n// Parse incoming data\n\nvar payload = JSON.parse(request.body);  // Parse the JSON body from Site24x7.\n\n/**\n * Two issues with the parameters being sent over from Site24x7:\n * 1. STATUS_CHANGE_ATTRIBUTES\n *   xMatters doesn't like the formatting of this parameter (it returns \"400 Bad request - List property 'STATUS_CHANGE_ATTRIBUTES' is not a valid list.\").\n *   So we're removing it from the payload below.\n * \n * 2. MONITOR_ID\n *   This value is a number (not in quotes) that's larger than JavaScript can handle, so it gets mangled, and we might need it later to talk back to Site24x7.\n *   Workaround: Call Site24x7's API to request the monitor by name. The returning payload has the MONITOR_ID as a string\n *  \n */\n\n// Output the \"raw\" payload to log:\n// var str = JSON.stringify(payload, null, 4);\n// console.log(\"\\nOriginal payload from Site24x7 before 'fixes':\\n\" + str + \"\\n\"); \n\n// Fix 1: Remove STATUS_CHANGE_ATATRIBUTES\ndelete payload.STATUS_CHANGE_ATTRIBUTES; // See comment above\n\n// Fix 2: Get the correct monitor ID by calling back out to Site24x7\n\nconsole.log(\"Calling Site24x7 to get the monitor_id as a string value.\\n\"); \nvar request = http.request({ \n   \"endpoint\": \"Site24x7\",\n   \"path\": \"/api/monitors/name/\" + encodeURI(payload.MONITORNAME),\n   \"method\": \"GET\",\n   \"headers\": {\n    \"Authorization\": constants['Zoho Authorization'],\n    \"Accept-Encoding\": \"application/json; version=2.0\"\n   }\n  });\nvar response = request.write();\nvar json = JSON.parse(response.body);\npayload.MONITOR_ID = json.data.monitor_id; \n\n// Output the \"fixed\" payload to log:\nvar str = JSON.stringify(payload, null, 4);\nconsole.log(\"\\nPayload from Site24x7 after 'data fixes':\\n\" + str + \"\\n\"); \n\n\n// Now start processing the request from Site24x7\nif (payload.STATUS == \"UP\") // \"UP\" is good, all other statuses are bad (\"DOWN\" and \"TROUBLE\"). \n{\n  // Look up list of active xMatters events for this monitor and terminate them as the monitor now reports \"UP\"\n  // Documentation: https://help.xmatters.com/xmapi/index.html#get-events\n\n  var request = http.request({ \n       \"endpoint\": \"xMatters\",\n       \"path\": \"/api/xm/1/events?propertyName=MONITOR_ID%23en&propertyValue=\" + encodeURI(payload.MONITOR_ID) + \"&status=ACTIVE&embed=properties\",\n       \"method\": \"GET\",\n       \"autoEncodeURI\": false\n    });\n\n  var response = request.write();\n\n  if (response.statusCode == 200 ) {\n     var json = JSON.parse(response.body);\n\n     // Output the entire response from xMatters\n     // console.log (JSON.stringify(json, null, 4)); \n     \n     if (json.count == 0) {\n       console.log(\"\\nThere are no active xMatters event(s) for this Site24x7 monitor\");\n     } else\n     {\n       console.log(\"\\nNow terminating all \" + json.count + \" active xMatters event(s) for this Site24x7 monitor\");\n     }\n     var i;\n     for (i = 0; i < json.count; i++) { \n       console.log (\"Attempting to terminate event ID: \" + json.data[i].id);\n       var request = http.request({ \n         \"endpoint\": \"xMatters\",\n         \"path\": \"/api/xm/1/events/\",\n         \"method\": \"POST\",\n         \"headers\" : {\"Content-Type\": \"application/json\"}\n        });\n\n       var data = {};\n       data.id = json.data[i].id;\n       data.status = 'TERMINATED';\n\n       response = request.write(data);\n\n       if (response.statusCode >= 200 && response.statusCode < 300) {\n         json = JSON.parse(response.body);\n         console.log( \"Terminated event. ID = \"+ json.id);\n       }\n  }\n}\n\n} \nelse // Create new event\n{\n  trigger.properties = payload;\n  var resp = form.post(trigger);\n\n  if( resp.statusCode >= 200 && resp.statusCode < 300 ) {\n      console.log( 'Successfully submitted the form' );\n  } else {\n    console.log( 'There was a problem submitting the form' );\n    throw \"Error submitting the form, view the logs for more details\";\n  }\n    \n}\n\n",
      "environment": "HOSTED",
      "authType": "BASIC"
    },
    {
      "id": "0c066247-8b5d-46e9-b60d-3ff18b4904b4",
      "name": "Site24x7 Outbound Response",
      "action": "RUN_SCRIPT",
      "type": "OUTBOUND_WEBHOOK",
      "triggeredBy": "RESPONSE",
      "deployed": true,
      "form": "1d19c640-197a-43ed-a6e4-8fa8295e47b5",
      "script": "// Utility function to peel MONITOR_ID's value out of payload.eventProperties[], regardless of where in the array it's located.\nfunction findMonitorID(arr) {\n  for (var i=0; i < arr.length; i++)\n    if (arr[i].MONITOR_ID !== undefined)\n      return arr[i].MONITOR_ID;\n}\n\n// Parse the payload data containing the user response\nvar payload = JSON.parse(request.body); \n\n// For debugging purposes, display the entire content of the payload:\n// var str = JSON.stringify(payload, null, 4); \n// console.log('--- payload object start ---');\n// console.log(str); \n// console.log('--- payload object end ---');\n\n/** These properties are included in the payload of notification response triggers. **/\nconsole.log('\\nResponse properties:');\nconsole.log('Recipient: ' + payload.recipient);\nconsole.log('Responded with: ' + payload.response);\nconsole.log('From this device: ' + payload.device);\nif (payload.annotation == \"null\") {\n    console.log('And did not make a comment.');\n}\nelse {\n  console.log('And commented: ' + payload.annotation);\n}\n\n/**\n * The only response option that requires looping back to Site24x7 is if the user chooses to suspend the monitor.\n */\n\nif (payload.response == \"Suspend Site24x7 monitor\") {\n\n  var monitorID = findMonitorID(payload.eventProperties); // The event properties that are enabled for outbound integrations aren't always presented in the same order\n  console.log(\"monitorID \" + monitorID); \n\n  console.log(\"\\nCalling Site24x7 to suspend the monitor.\\n\"); \n  var request = http.request({ \n     \"endpoint\": \"Site24x7\",\n     \"path\": \"/api/monitors/suspend/\" + encodeURI(monitorID), \n     \"method\": \"PUT\",   // Yes, PUT\n     \"headers\": {\n       \"Authorization\": constants['Zoho Authorization'],\n       \"Accept-Encoding\": \"application/json; version=2.0\"\n     }\n   });\n  var response = request.write();\n\n  if (response.statusCode >= 200 && response.statusCode < 300) {\n    json = JSON.parse(response.body);\n    console.log( \"Monitor \" + monitorID + \" successfully suspended in Site24x7\");\n    }\n  else\n    {\n      console.log( \"There was a problem suspending monitor \" + payload.eventProperties[2].MONITORNAME + \" in Site24x7. StatusCode returned was \" + response.statusCode);\n    }\n\n  // Output the entire response from Site24x7\n  // var json = JSON.parse(response.body);\n  // console.log (JSON.stringify(json, null, 4)); \n}\n",
      "environment": "HOSTED",
      "authType": "NONE"
    }
  ],
  "endpoints": [
    {
      "name": "Site24x7",
      "baseUrl": "https://www.site24x7.com",
      "type": "EXTERNAL",
      "authentication": "NO_AUTH"
    }
  ],
  "constants": [
    {
      "name": "Zoho Authorization",
      "value": "Zoho-authtoken 41e2249adce96480c70fea19cd26cd38",
      "description": "Obtain an authtoken by logging in to your Site24x7 account and then go to this URL: https://accounts.zoho.com/apiauthtoken/create?SCOPE=Site24x7/site24x7api"
    }
  ]
}