[
  {
    "id": "91f7008c-0e96-4b45-822d-a2d378c6d2d2",
    "name": "Inbound from Site24x7",
    "description": "",
    "icon": "/static/images/script_steps/http-trigger.png",
    "script": "var payload = JSON.parse(request.body);\n\noutput['INCIDENT_TIME'] = payload.INCIDENT_TIME;\noutput['MONITOR_ID'] = payload.MONITOR_ID;\noutput['MONITOR_DASHBOARD_LINK'] = payload.MONITOR_DASHBOARD_LINK;\noutput['MONITORURL'] = payload.MONITORURL;\noutput['INCIDENT_REASON'] = payload.INCIDENT_REASON;\noutput['MONITORNAME'] = payload.MONITORNAME;\noutput['STATUS'] = payload.STATUS;\noutput['POLLFREQUENCY'] = payload.POLLFREQUENCY;\noutput['MONITORTYPE'] = payload.MONITORTYPE;\noutput['FAILED_LOCATIONS'] = payload.FAILED_LOCATIONS;\n",
    "allowedEnvironment": "HOSTED",
    "accessibleByAll": "NotShared",
    "triggerAuthType": "URL_AUTH",
    "scriptStepType": "CUSTOM_HTTP",
    "inputs": [],
    "outputs": [
      {
        "id": "afa858cb-706d-4516-8f1f-e010b4efce2b",
        "name": "INCIDENT_TIME",
        "position": 0
      },
      {
        "id": "a7852b4f-c994-4a1a-96bf-bff3b147b89b",
        "name": "MONITOR_ID",
        "position": 1
      },
      {
        "id": "20925e28-6345-4719-a22b-5cc4b9e928e1",
        "name": "MONITOR_DASHBOARD_LINK",
        "position": 2
      },
      {
        "id": "65c52118-d0c9-43ee-ba4d-9558834a3caa",
        "name": "MONITORURL",
        "position": 3
      },
      {
        "id": "9ce01003-8188-4727-9159-fcfe333cf0dd",
        "name": "INCIDENT_REASON",
        "position": 4
      },
      {
        "id": "0b065484-246a-4158-9261-45b908fab632",
        "name": "MONITORNAME",
        "position": 5
      },
      {
        "id": "11c7ae85-7385-428e-bba9-27e33067dd03",
        "name": "STATUS",
        "position": 6
      },
      {
        "id": "2fe58581-d6b0-4e78-a769-9474ee98d04f",
        "name": "POLLFREQUENCY",
        "position": 7
      },
      {
        "id": "a33b3709-3b1e-4cc9-99b0-6e7efb05adc4",
        "name": "MONITORTYPE",
        "position": 8
      },
      {
        "id": "391c0843-983c-40c4-97d7-088808afac23",
        "name": "FAILED_LOCATIONS",
        "position": 9
      }
    ],
    "libraries": []
  }
]