{
  "name": "Site24x7 monitor",
  "form": "bff7cfb8-9131-4a74-9f17-0fc135c3f07b",
  "blocks": [
    {
      "id": "d17f051d-b2ef-4309-8d2b-e8d08d24eda0",
      "label": "Create Event - Site24x7 monitor",
      "environment": "HOSTED",
      "presentation": "{\"w\":60,\"x\":221,\"h\":60,\"y\":480}",
      "step": "bff7cfb8-9131-4a74-9f17-0fc135c3f07b",
      "stepType": "CREATE_EVENT",
      "inputMappings": [
        {
          "inputPort": "input",
          "mapping": "${9b9652b9-e2a3-41cb-9923-3009aac22613.INCIDENT_TIME}",
          "sectionItemKey": "d2531073-de7f-4c6d-813c-0ae474ac1ad1"
        },
        {
          "inputPort": "input",
          "mapping": "${9b9652b9-e2a3-41cb-9923-3009aac22613.MONITORURL}",
          "sectionItemKey": "65ad46e3-91bb-4ede-96d6-cb9151c118b9"
        },
        {
          "inputPort": "input",
          "mapping": "${9b9652b9-e2a3-41cb-9923-3009aac22613.MONITORTYPE}",
          "sectionItemKey": "65fc02d6-3edf-4a12-a8db-460122ac48c1"
        },
        {
          "inputPort": "input",
          "mapping": "${9b9652b9-e2a3-41cb-9923-3009aac22613.INCIDENT_REASON}",
          "sectionItemKey": "40fe1f0b-ed61-4b9d-8c6c-2691eb60aa63"
        },
        {
          "inputPort": "input",
          "mapping": "${9b9652b9-e2a3-41cb-9923-3009aac22613.FAILED_LOCATIONS}",
          "sectionItemKey": "78f08fb1-a5de-4dd3-95b3-360ca249fdf1"
        },
        {
          "inputPort": "input",
          "mapping": "${9b9652b9-e2a3-41cb-9923-3009aac22613.MONITORNAME}",
          "sectionItemKey": "7dda0097-612c-4ee1-9b40-0d730c6b4eef"
        },
        {
          "inputPort": "input",
          "mapping": "${9b9652b9-e2a3-41cb-9923-3009aac22613.STATUS}",
          "sectionItemKey": "fbe0e2c2-7cb5-4fcc-80b7-7c226baf429e"
        },
        {
          "inputPort": "input",
          "mapping": "${9b9652b9-e2a3-41cb-9923-3009aac22613.MONITOR_DASHBOARD_LINK}",
          "sectionItemKey": "f5d103c8-f920-4145-a970-c1c355e88d2a"
        },
        {
          "inputPort": "input",
          "mapping": "${9b9652b9-e2a3-41cb-9923-3009aac22613.POLLFREQUENCY}",
          "sectionItemKey": "b185ec35-bd18-4372-91aa-522dd828ea73"
        },
        {
          "inputPort": "input",
          "mapping": "${9b9652b9-e2a3-41cb-9923-3009aac22613.MONITOR_ID}",
          "sectionItemKey": "7b92237c-ca17-4c47-bc8e-25961971342e"
        }
      ]
    },
    {
      "id": "9b9652b9-e2a3-41cb-9923-3009aac22613",
      "label": "Site24x7 monitor - Inbound from Site24x7",
      "environment": "HOSTED",
      "presentation": "{\"w\":60,\"x\":0,\"h\":60,\"y\":480}",
      "step": "5a941589-fa1b-4f3d-8da7-7a2c07a86855",
      "stepType": "INTEGRATION"
    }
  ],
  "edges": [
    {
      "fromBlock": "9b9652b9-e2a3-41cb-9923-3009aac22613",
      "fromPort": "output",
      "toBlock": "d17f051d-b2ef-4309-8d2b-e8d08d24eda0",
      "toPort": "input"
    }
  ]
}