[
  {
    "baseType": 3,
    "name": "FAILED_LOCATIONS",
    "defaultValue": "",
    "description": "Locations from which incident happened",
    "helpText": "",
    "isSystem": false,
    "minLength": 0,
    "maxLength": 500,
    "validationRegex": "",
    "isValidate": false,
    "uuid": "78f08fb1-a5de-4dd3-95b3-360ca249fdf1"
  },
  {
    "baseType": 3,
    "name": "INCIDENT_REASON",
    "defaultValue": "",
    "description": "Reason for incident",
    "helpText": "",
    "isSystem": false,
    "minLength": 0,
    "maxLength": 100,
    "validationRegex": "",
    "isValidate": false,
    "uuid": "40fe1f0b-ed61-4b9d-8c6c-2691eb60aa63"
  },
  {
    "baseType": 3,
    "name": "INCIDENT_TIME",
    "defaultValue": "",
    "description": "Time at which incident occurred",
    "helpText": "",
    "isSystem": false,
    "minLength": 0,
    "maxLength": 50,
    "validationRegex": "",
    "isValidate": false,
    "uuid": "d2531073-de7f-4c6d-813c-0ae474ac1ad1"
  },
  {
    "baseType": 3,
    "name": "INCIDENT_TIME_ISO",
    "defaultValue": "",
    "description": "",
    "helpText": "",
    "isSystem": false,
    "minLength": 0,
    "maxLength": 30,
    "validationRegex": "",
    "isValidate": false,
    "uuid": "7a6cd46e-11b9-4a58-bc18-138ac453bd6e"
  },
  {
    "baseType": 3,
    "name": "MONITOR_DASHBOARD_LINK",
    "defaultValue": "",
    "description": "The URL to access a specific monitor dashboard",
    "helpText": "",
    "isSystem": false,
    "minLength": 0,
    "maxLength": 100,
    "validationRegex": "",
    "isValidate": false,
    "uuid": "f5d103c8-f920-4145-a970-c1c355e88d2a"
  },
  {
    "baseType": 3,
    "name": "MONITOR_GROUPNAME",
    "defaultValue": "",
    "description": "Group name of the Monitor",
    "helpText": "",
    "isSystem": false,
    "minLength": 0,
    "maxLength": 100,
    "validationRegex": "",
    "isValidate": false,
    "uuid": "08f4fe43-560f-48ec-8580-0261e874a49f"
  },
  {
    "baseType": 3,
    "name": "MONITOR_ID",
    "defaultValue": "",
    "description": "",
    "helpText": "",
    "isSystem": false,
    "minLength": 0,
    "maxLength": 30,
    "validationRegex": "",
    "isValidate": false,
    "uuid": "7b92237c-ca17-4c47-bc8e-25961971342e"
  },
  {
    "baseType": 3,
    "name": "MONITORNAME",
    "defaultValue": "",
    "description": "Display name of the Monitor",
    "helpText": "",
    "isSystem": false,
    "minLength": 0,
    "maxLength": 100,
    "validationRegex": "",
    "isValidate": false,
    "uuid": "7dda0097-612c-4ee1-9b40-0d730c6b4eef"
  },
  {
    "baseType": 3,
    "name": "MONITORTYPE",
    "defaultValue": "",
    "description": "Various monitor types like URL , URL-SEQ , DNS , HOMEPAGE , PING , FTP",
    "helpText": "",
    "isSystem": false,
    "minLength": 0,
    "maxLength": 50,
    "validationRegex": "",
    "isValidate": false,
    "uuid": "65fc02d6-3edf-4a12-a8db-460122ac48c1"
  },
  {
    "baseType": 3,
    "name": "MONITORURL",
    "defaultValue": "",
    "description": "URL which you are monitoring",
    "helpText": "",
    "isSystem": false,
    "minLength": 0,
    "maxLength": 100,
    "validationRegex": "",
    "isValidate": false,
    "uuid": "65ad46e3-91bb-4ede-96d6-cb9151c118b9"
  },
  {
    "baseType": 3,
    "name": "OUTAGE_TIME_UNIX_FORMAT",
    "defaultValue": "",
    "description": "Time at which the outage occured, recorded in UNIX format",
    "helpText": "",
    "isSystem": false,
    "minLength": 0,
    "maxLength": 50,
    "validationRegex": "",
    "isValidate": false,
    "uuid": "a382dfa1-0058-4478-aa00-21315f0a2808"
  },
  {
    "baseType": 3,
    "name": "POLLFREQUENCY",
    "defaultValue": "",
    "description": "",
    "helpText": "",
    "isSystem": false,
    "minLength": 0,
    "maxLength": 30,
    "validationRegex": "",
    "isValidate": false,
    "uuid": "b185ec35-bd18-4372-91aa-522dd828ea73"
  },
  {
    "baseType": 3,
    "name": "STATUS",
    "defaultValue": "",
    "description": "Status of the Monitor (DOWN,TROUBLE,UP)",
    "helpText": "",
    "isSystem": false,
    "minLength": 0,
    "maxLength": 30,
    "validationRegex": "",
    "isValidate": false,
    "uuid": "fbe0e2c2-7cb5-4fcc-80b7-7c226baf429e"
  },
  {
    "baseType": 22,
    "name": "STATUS_CHANGE_ATTRIBUTES",
    "description": "",
    "helpText": "",
    "isSystem": false,
    "values": [
      {
        "value": "attributeid",
        "isDefault": false,
        "isVisible": true
      },
      {
        "value": "attributeName",
        "isDefault": false,
        "isVisible": true
      },
      {
        "value": "reason",
        "isDefault": false,
        "isVisible": true
      },
      {
        "value": "status",
        "isDefault": false,
        "isVisible": true
      }
    ],
    "uuid": "21a5fdf3-a044-4fb6-a118-aa37a131f8d6"
  },
  {
    "baseType": 3,
    "name": "TAGS",
    "defaultValue": "",
    "description": "Tags associated to the Monitor",
    "helpText": "",
    "isSystem": false,
    "minLength": 0,
    "maxLength": 100,
    "validationRegex": "",
    "isValidate": false,
    "uuid": "f0e6cb46-3426-43fb-9d65-8742e6e8d823"
  },
  {
    "baseType": 3,
    "name": "TIMEZONE",
    "defaultValue": "",
    "description": "",
    "helpText": "",
    "isSystem": false,
    "minLength": 0,
    "maxLength": 30,
    "validationRegex": "",
    "isValidate": false,
    "uuid": "c109cc14-7568-4dd0-b41c-9f2b239ad95f"
  }
]