[
  {
    "baseType": 3,
    "name": "FAILED_LOCATIONS",
    "defaultValue": "",
    "description": "Locations from which incident happened",
    "helpText": "",
    "isSystem": false,
    "minLength": 0,
    "maxLength": 500,
    "validationRegex": "",
    "isValidate": false
  },
  {
    "baseType": 3,
    "name": "INCIDENT_REASON",
    "defaultValue": "",
    "description": "Reason for incident",
    "helpText": "",
    "isSystem": false,
    "minLength": 0,
    "maxLength": 100,
    "validationRegex": "",
    "isValidate": false
  },
  {
    "baseType": 3,
    "name": "INCIDENT_TIME",
    "defaultValue": "",
    "description": "Time at which incident occurred",
    "helpText": "",
    "isSystem": false,
    "minLength": 0,
    "maxLength": 50,
    "validationRegex": "",
    "isValidate": false
  },
  {
    "baseType": 3,
    "name": "INCIDENT_TIME_ISO",
    "defaultValue": "",
    "description": "",
    "helpText": "",
    "isSystem": false,
    "minLength": 0,
    "maxLength": 30,
    "validationRegex": "",
    "isValidate": false
  },
  {
    "baseType": 3,
    "name": "MONITOR_DASHBOARD_LINK",
    "defaultValue": "",
    "description": "The URL to access a specific monitor dashboard",
    "helpText": "",
    "isSystem": false,
    "minLength": 0,
    "maxLength": 100,
    "validationRegex": "",
    "isValidate": false
  },
  {
    "baseType": 3,
    "name": "MONITOR_GROUPNAME",
    "defaultValue": "",
    "description": "Group name of the Monitor",
    "helpText": "",
    "isSystem": false,
    "minLength": 0,
    "maxLength": 100,
    "validationRegex": "",
    "isValidate": false
  },
  {
    "baseType": 3,
    "name": "MONITOR_ID",
    "defaultValue": "",
    "description": "",
    "helpText": "",
    "isSystem": false,
    "minLength": 0,
    "maxLength": 30,
    "validationRegex": "",
    "isValidate": false
  },
  {
    "baseType": 3,
    "name": "MONITORNAME",
    "defaultValue": "",
    "description": "Display name of the Monitor",
    "helpText": "",
    "isSystem": false,
    "minLength": 0,
    "maxLength": 100,
    "validationRegex": "",
    "isValidate": false
  },
  {
    "baseType": 3,
    "name": "MONITORTYPE",
    "defaultValue": "",
    "description": "Various monitor types like URL , URL-SEQ , DNS , HOMEPAGE , PING , FTP",
    "helpText": "",
    "isSystem": false,
    "minLength": 0,
    "maxLength": 50,
    "validationRegex": "",
    "isValidate": false
  },
  {
    "baseType": 3,
    "name": "MONITORURL",
    "defaultValue": "",
    "description": "URL which you are monitoring",
    "helpText": "",
    "isSystem": false,
    "minLength": 0,
    "maxLength": 100,
    "validationRegex": "",
    "isValidate": false
  },
  {
    "baseType": 3,
    "name": "OUTAGE_TIME_UNIX_FORMAT",
    "defaultValue": "",
    "description": "Time at which the outage occured, recorded in UNIX format",
    "helpText": "",
    "isSystem": false,
    "minLength": 0,
    "maxLength": 50,
    "validationRegex": "",
    "isValidate": false
  },
  {
    "baseType": 3,
    "name": "POLLFREQUENCY",
    "defaultValue": "",
    "description": "",
    "helpText": "",
    "isSystem": false,
    "minLength": 0,
    "maxLength": 30,
    "validationRegex": "",
    "isValidate": false
  },
  {
    "baseType": 3,
    "name": "STATUS",
    "defaultValue": "",
    "description": "Status of the Monitor (DOWN,TROUBLE,UP)",
    "helpText": "",
    "isSystem": false,
    "minLength": 0,
    "maxLength": 30,
    "validationRegex": "",
    "isValidate": false
  },
  {
    "baseType": 22,
    "name": "STATUS_CHANGE_ATTRIBUTES",
    "description": "",
    "helpText": "",
    "isSystem": false,
    "values": [
      {
        "value": "attributeid",
        "isDefault": false,
        "isVisible": true
      },
      {
        "value": "attributeName",
        "isDefault": false,
        "isVisible": true
      },
      {
        "value": "reason",
        "isDefault": false,
        "isVisible": true
      },
      {
        "value": "status",
        "isDefault": false,
        "isVisible": true
      }
    ]
  },
  {
    "baseType": 3,
    "name": "TAGS",
    "defaultValue": "",
    "description": "Tags associated to the Monitor",
    "helpText": "",
    "isSystem": false,
    "minLength": 0,
    "maxLength": 100,
    "validationRegex": "",
    "isValidate": false
  },
  {
    "baseType": 3,
    "name": "TIMEZONE",
    "defaultValue": "",
    "description": "",
    "helpText": "",
    "isSystem": false,
    "minLength": 0,
    "maxLength": 30,
    "validationRegex": "",
    "isValidate": false
  }
]